action,path
UPSERT,database/drafts/auth_database_candidate.sql
UPSERT,database/evidence/auth_identity_20261001_013616_111_f6dcc7/01_schema.log
UPSERT,database/evidence/auth_identity_20261001_013616_111_f6dcc7/02_smoke.log
UPSERT,database/evidence/auth_identity_20261001_013616_111_f6dcc7/bcrypt.log
UPSERT,database/evidence/auth_identity_20261001_013616_111_f6dcc7/candidate_compatible.log
UPSERT,database/evidence/auth_identity_20261001_013616_111_f6dcc7/catalog_before_auth.log
UPSERT,database/evidence/auth_identity_20261001_013616_111_f6dcc7/compatible_before.log
UPSERT,database/evidence/auth_identity_20261001_013616_111_f6dcc7/create_authorphan.log
UPSERT,database/evidence/auth_identity_20261001_013616_111_f6dcc7/create_bad.log
UPSERT,database/evidence/auth_identity_20261001_013616_111_f6dcc7/create_clean.log
UPSERT,database/evidence/auth_identity_20261001_013616_111_f6dcc7/create_compatible.log
UPSERT,database/evidence/auth_identity_20261001_013616_111_f6dcc7/create_diagnostic.log
UPSERT,database/evidence/auth_identity_20261001_013616_111_f6dcc7/create_invalid.log
UPSERT,database/evidence/auth_identity_20261001_013616_111_f6dcc7/create_orphan.log
UPSERT,database/evidence/auth_identity_20261001_013616_111_f6dcc7/create_partial.log
UPSERT,database/evidence/auth_identity_20261001_013616_111_f6dcc7/create_upgrade.log
UPSERT,database/evidence/auth_identity_20261001_013616_111_f6dcc7/databases.txt
UPSERT,database/evidence/auth_identity_20261001_013616_111_f6dcc7/diagnostic_fixture.log
UPSERT,database/evidence/auth_identity_20261001_013616_111_f6dcc7/diagnostic_preflight_readonly.log
UPSERT,database/evidence/auth_identity_20261001_013616_111_f6dcc7/incompatible_types_fixture.log
UPSERT,database/evidence/auth_identity_20261001_013616_111_f6dcc7/incompatible_types_preflight.log
UPSERT,database/evidence/auth_identity_20261001_013616_111_f6dcc7/preflight_absent.log
UPSERT,database/evidence/auth_identity_20261001_013616_111_f6dcc7/showroom_seed1.log
UPSERT,database/evidence/auth_identity_20261001_013616_111_f6dcc7/showroom_seed2.log
UPSERT,database/evidence/auth_identity_20261001_013616_111_f6dcc7/tv3_auth_20261001_013616_111_f6dcc7_authorphan_fixture.log
UPSERT,database/evidence/auth_identity_20261001_013616_111_f6dcc7/tv3_auth_20261001_013616_111_f6dcc7_compatible_fixture.log
UPSERT,database/evidence/auth_identity_20261001_013616_111_f6dcc7/tv3_auth_20261001_013616_111_f6dcc7_invalid_fixture.log
UPSERT,database/evidence/auth_identity_20261001_013616_111_f6dcc7/tv3_auth_20261001_013616_111_f6dcc7_partial_fixture.log
UPSERT,database/evidence/auth_identity_20261001_013616_111_f6dcc7/V3_0_0__showroom_deposit_appointment.sql.log
UPSERT,database/evidence/auth_identity_20261001_013616_111_f6dcc7/V3_0_1__archive_inventory_boundary.sql.log
UPSERT,database/evidence/auth_identity_20261001_013616_111_f6dcc7/V3_0_2__deposit_integrity.sql.log
UPSERT,database/evidence/auth_identity_20261001_013616_111_f6dcc7/V3_0_3__appointment_ledger_integrity.sql.log
UPSERT,database/evidence/auth_identity_20261001_013752_213_2bface/01_schema.log
UPSERT,database/evidence/auth_identity_20261001_013752_213_2bface/02_smoke.log
UPSERT,database/evidence/auth_identity_20261001_013752_213_2bface/bcrypt.log
UPSERT,database/evidence/auth_identity_20261001_013752_213_2bface/candidate_compatible.log
UPSERT,database/evidence/auth_identity_20261001_013752_213_2bface/catalog_before_auth.log
UPSERT,database/evidence/auth_identity_20261001_013752_213_2bface/compatible_before.log
UPSERT,database/evidence/auth_identity_20261001_013752_213_2bface/create_authorphan.log
UPSERT,database/evidence/auth_identity_20261001_013752_213_2bface/create_bad.log
UPSERT,database/evidence/auth_identity_20261001_013752_213_2bface/create_clean.log
UPSERT,database/evidence/auth_identity_20261001_013752_213_2bface/create_compatible.log
UPSERT,database/evidence/auth_identity_20261001_013752_213_2bface/create_diagnostic.log
UPSERT,database/evidence/auth_identity_20261001_013752_213_2bface/create_invalid.log
UPSERT,database/evidence/auth_identity_20261001_013752_213_2bface/create_orphan.log
UPSERT,database/evidence/auth_identity_20261001_013752_213_2bface/create_partial.log
UPSERT,database/evidence/auth_identity_20261001_013752_213_2bface/create_upgrade.log
UPSERT,database/evidence/auth_identity_20261001_013752_213_2bface/databases.txt
UPSERT,database/evidence/auth_identity_20261001_013752_213_2bface/diagnostic_fixture.log
UPSERT,database/evidence/auth_identity_20261001_013752_213_2bface/diagnostic_preflight_readonly.log
UPSERT,database/evidence/auth_identity_20261001_013752_213_2bface/incompatible_types_fixture.log
UPSERT,database/evidence/auth_identity_20261001_013752_213_2bface/incompatible_types_preflight.log
UPSERT,database/evidence/auth_identity_20261001_013752_213_2bface/preflight_absent.log
UPSERT,database/evidence/auth_identity_20261001_013752_213_2bface/showroom_seed1.log
UPSERT,database/evidence/auth_identity_20261001_013752_213_2bface/showroom_seed2.log
UPSERT,database/evidence/auth_identity_20261001_013752_213_2bface/tv3_auth_20261001_013752_213_2bface_authorphan_fixture.log
UPSERT,database/evidence/auth_identity_20261001_013752_213_2bface/tv3_auth_20261001_013752_213_2bface_compatible_fixture.log
UPSERT,database/evidence/auth_identity_20261001_013752_213_2bface/tv3_auth_20261001_013752_213_2bface_invalid_fixture.log
UPSERT,database/evidence/auth_identity_20261001_013752_213_2bface/tv3_auth_20261001_013752_213_2bface_partial_fixture.log
UPSERT,database/evidence/auth_identity_20261001_013752_213_2bface/V3_0_0__showroom_deposit_appointment.sql.log
UPSERT,database/evidence/auth_identity_20261001_013752_213_2bface/V3_0_1__archive_inventory_boundary.sql.log
UPSERT,database/evidence/auth_identity_20261001_013752_213_2bface/V3_0_2__deposit_integrity.sql.log
UPSERT,database/evidence/auth_identity_20261001_013752_213_2bface/V3_0_3__appointment_ledger_integrity.sql.log
UPSERT,database/evidence/auth_identity_20261001_013915_185_4178de/01_schema.log
UPSERT,database/evidence/auth_identity_20261001_013915_185_4178de/02_smoke.log
UPSERT,database/evidence/auth_identity_20261001_013915_185_4178de/bcrypt.log
UPSERT,database/evidence/auth_identity_20261001_013915_185_4178de/candidate_compatible.log
UPSERT,database/evidence/auth_identity_20261001_013915_185_4178de/catalog_before_auth.log
UPSERT,database/evidence/auth_identity_20261001_013915_185_4178de/compatible_after.log
UPSERT,database/evidence/auth_identity_20261001_013915_185_4178de/compatible_before.log
UPSERT,database/evidence/auth_identity_20261001_013915_185_4178de/compatible_catalog.log
UPSERT,database/evidence/auth_identity_20261001_013915_185_4178de/compatible_repeat_apply.log
UPSERT,database/evidence/auth_identity_20261001_013915_185_4178de/compatible_repeat_before.log
UPSERT,database/evidence/auth_identity_20261001_013915_185_4178de/create_authorphan.log
UPSERT,database/evidence/auth_identity_20261001_013915_185_4178de/create_bad.log
UPSERT,database/evidence/auth_identity_20261001_013915_185_4178de/create_clean.log
UPSERT,database/evidence/auth_identity_20261001_013915_185_4178de/create_compatible.log
UPSERT,database/evidence/auth_identity_20261001_013915_185_4178de/create_diagnostic.log
UPSERT,database/evidence/auth_identity_20261001_013915_185_4178de/create_invalid.log
UPSERT,database/evidence/auth_identity_20261001_013915_185_4178de/create_orphan.log
UPSERT,database/evidence/auth_identity_20261001_013915_185_4178de/create_partial.log
UPSERT,database/evidence/auth_identity_20261001_013915_185_4178de/create_upgrade.log
UPSERT,database/evidence/auth_identity_20261001_013915_185_4178de/databases.txt
UPSERT,database/evidence/auth_identity_20261001_013915_185_4178de/diagnostic_fixture.log
UPSERT,database/evidence/auth_identity_20261001_013915_185_4178de/diagnostic_preflight_readonly.log
UPSERT,database/evidence/auth_identity_20261001_013915_185_4178de/incompatible_types_fixture.log
UPSERT,database/evidence/auth_identity_20261001_013915_185_4178de/incompatible_types_preflight.log
UPSERT,database/evidence/auth_identity_20261001_013915_185_4178de/preflight_absent.log
UPSERT,database/evidence/auth_identity_20261001_013915_185_4178de/showroom_seed1.log
UPSERT,database/evidence/auth_identity_20261001_013915_185_4178de/showroom_seed2.log
UPSERT,database/evidence/auth_identity_20261001_013915_185_4178de/tv3_auth_20261001_013915_185_4178de_authorphan_fixture.log
UPSERT,database/evidence/auth_identity_20261001_013915_185_4178de/tv3_auth_20261001_013915_185_4178de_compatible_fixture.log
UPSERT,database/evidence/auth_identity_20261001_013915_185_4178de/tv3_auth_20261001_013915_185_4178de_invalid_fixture.log
UPSERT,database/evidence/auth_identity_20261001_013915_185_4178de/tv3_auth_20261001_013915_185_4178de_partial_fixture.log
UPSERT,database/evidence/auth_identity_20261001_013915_185_4178de/V3_0_0__showroom_deposit_appointment.sql.log
UPSERT,database/evidence/auth_identity_20261001_013915_185_4178de/V3_0_1__archive_inventory_boundary.sql.log
UPSERT,database/evidence/auth_identity_20261001_013915_185_4178de/V3_0_2__deposit_integrity.sql.log
UPSERT,database/evidence/auth_identity_20261001_013915_185_4178de/V3_0_3__appointment_ledger_integrity.sql.log
UPSERT,database/evidence/auth_identity_20261001_020012_776_e3bc40/01_schema.log
UPSERT,database/evidence/auth_identity_20261001_020012_776_e3bc40/02_smoke.log
UPSERT,database/evidence/auth_identity_20261001_020012_776_e3bc40/auth_orphan_after.log
UPSERT,database/evidence/auth_identity_20261001_020012_776_e3bc40/auth_orphan_before.log
UPSERT,database/evidence/auth_identity_20261001_020012_776_e3bc40/auth_orphan_fixture.log
UPSERT,database/evidence/auth_identity_20261001_020012_776_e3bc40/auth_orphan_reject.log
UPSERT,database/evidence/auth_identity_20261001_020012_776_e3bc40/bcrypt.log
UPSERT,database/evidence/auth_identity_20261001_020012_776_e3bc40/candidate_compatible.log
UPSERT,database/evidence/auth_identity_20261001_020012_776_e3bc40/candidate_partial.log
UPSERT,database/evidence/auth_identity_20261001_020012_776_e3bc40/catalog_before_auth.log
UPSERT,database/evidence/auth_identity_20261001_020012_776_e3bc40/compatible_after.log
UPSERT,database/evidence/auth_identity_20261001_020012_776_e3bc40/compatible_before.log
UPSERT,database/evidence/auth_identity_20261001_020012_776_e3bc40/compatible_catalog.log
UPSERT,database/evidence/auth_identity_20261001_020012_776_e3bc40/compatible_repeat_after.log
UPSERT,database/evidence/auth_identity_20261001_020012_776_e3bc40/compatible_repeat_apply.log
UPSERT,database/evidence/auth_identity_20261001_020012_776_e3bc40/compatible_repeat_before.log
UPSERT,database/evidence/auth_identity_20261001_020012_776_e3bc40/create_authorphan.log
UPSERT,database/evidence/auth_identity_20261001_020012_776_e3bc40/create_bad.log
UPSERT,database/evidence/auth_identity_20261001_020012_776_e3bc40/create_clean.log
UPSERT,database/evidence/auth_identity_20261001_020012_776_e3bc40/create_compatible.log
UPSERT,database/evidence/auth_identity_20261001_020012_776_e3bc40/create_diagnostic.log
UPSERT,database/evidence/auth_identity_20261001_020012_776_e3bc40/create_invalid.log
UPSERT,database/evidence/auth_identity_20261001_020012_776_e3bc40/create_orphan.log
UPSERT,database/evidence/auth_identity_20261001_020012_776_e3bc40/create_partial.log
UPSERT,database/evidence/auth_identity_20261001_020012_776_e3bc40/create_upgrade.log
UPSERT,database/evidence/auth_identity_20261001_020012_776_e3bc40/databases.txt
UPSERT,database/evidence/auth_identity_20261001_020012_776_e3bc40/diagnostic_fixture.log
UPSERT,database/evidence/auth_identity_20261001_020012_776_e3bc40/diagnostic_preflight_readonly.log
UPSERT,database/evidence/auth_identity_20261001_020012_776_e3bc40/incompatible_types_fixture.log
UPSERT,database/evidence/auth_identity_20261001_020012_776_e3bc40/incompatible_types_preflight.log
UPSERT,database/evidence/auth_identity_20261001_020012_776_e3bc40/invalid_after.log
UPSERT,database/evidence/auth_identity_20261001_020012_776_e3bc40/invalid_before.log
UPSERT,database/evidence/auth_identity_20261001_020012_776_e3bc40/invalid_candidate_reject.log
UPSERT,database/evidence/auth_identity_20261001_020012_776_e3bc40/invalid_otp_fixture.log
UPSERT,database/evidence/auth_identity_20261001_020012_776_e3bc40/partial_catalog.log
UPSERT,database/evidence/auth_identity_20261001_020012_776_e3bc40/partial_fixture_adjust.log
UPSERT,database/evidence/auth_identity_20261001_020012_776_e3bc40/partial_preserved.log
UPSERT,database/evidence/auth_identity_20261001_020012_776_e3bc40/preflight_absent.log
UPSERT,database/evidence/auth_identity_20261001_020012_776_e3bc40/showroom_seed1.log
UPSERT,database/evidence/auth_identity_20261001_020012_776_e3bc40/showroom_seed2.log
UPSERT,database/evidence/auth_identity_20261001_020012_776_e3bc40/tv3_auth_20261001_020012_776_e3bc40_authorphan_fixture.log
UPSERT,database/evidence/auth_identity_20261001_020012_776_e3bc40/tv3_auth_20261001_020012_776_e3bc40_compatible_fixture.log
UPSERT,database/evidence/auth_identity_20261001_020012_776_e3bc40/tv3_auth_20261001_020012_776_e3bc40_invalid_fixture.log
UPSERT,database/evidence/auth_identity_20261001_020012_776_e3bc40/tv3_auth_20261001_020012_776_e3bc40_partial_fixture.log
UPSERT,database/evidence/auth_identity_20261001_020012_776_e3bc40/V3_0_0__showroom_deposit_appointment.sql.log
UPSERT,database/evidence/auth_identity_20261001_020012_776_e3bc40/V3_0_1__archive_inventory_boundary.sql.log
UPSERT,database/evidence/auth_identity_20261001_020012_776_e3bc40/V3_0_2__deposit_integrity.sql.log
UPSERT,database/evidence/auth_identity_20261001_020012_776_e3bc40/V3_0_3__appointment_ledger_integrity.sql.log
UPSERT,database/evidence/auth_identity_20261001_020624_247_753db2/01_schema.log
UPSERT,database/evidence/auth_identity_20261001_020624_247_753db2/02_smoke.log
UPSERT,database/evidence/auth_identity_20261001_020624_247_753db2/appointment_ledger_integrity_test.adapted.sql
UPSERT,database/evidence/auth_identity_20261001_020624_247_753db2/auth_orphan_after.log
UPSERT,database/evidence/auth_identity_20261001_020624_247_753db2/auth_orphan_before.log
UPSERT,database/evidence/auth_identity_20261001_020624_247_753db2/auth_orphan_fixture.log
UPSERT,database/evidence/auth_identity_20261001_020624_247_753db2/auth_orphan_reject.log
UPSERT,database/evidence/auth_identity_20261001_020624_247_753db2/bad_fixture.log
UPSERT,database/evidence/auth_identity_20261001_020624_247_753db2/bad_preflight.log
UPSERT,database/evidence/auth_identity_20261001_020624_247_753db2/bad_preserved.log
UPSERT,database/evidence/auth_identity_20261001_020624_247_753db2/bad_reject.log
UPSERT,database/evidence/auth_identity_20261001_020624_247_753db2/bcrypt.log
UPSERT,database/evidence/auth_identity_20261001_020624_247_753db2/candidate_clean.log
UPSERT,database/evidence/auth_identity_20261001_020624_247_753db2/candidate_compatible.log
UPSERT,database/evidence/auth_identity_20261001_020624_247_753db2/candidate_partial.log
UPSERT,database/evidence/auth_identity_20261001_020624_247_753db2/candidate_upgrade.log
UPSERT,database/evidence/auth_identity_20261001_020624_247_753db2/catalog_after_auth.log
UPSERT,database/evidence/auth_identity_20261001_020624_247_753db2/catalog_before_auth.log
UPSERT,database/evidence/auth_identity_20261001_020624_247_753db2/clean_auth_catalog.log
UPSERT,database/evidence/auth_identity_20261001_020624_247_753db2/clean_auth_tests.log
UPSERT,database/evidence/auth_identity_20261001_020624_247_753db2/clean_seed_repeat.log
UPSERT,database/evidence/auth_identity_20261001_020624_247_753db2/clean_temp_records.log
UPSERT,database/evidence/auth_identity_20261001_020624_247_753db2/collision_fixture.log
UPSERT,database/evidence/auth_identity_20261001_020624_247_753db2/collision_preserved.log
UPSERT,database/evidence/auth_identity_20261001_020624_247_753db2/compatible_after.log
UPSERT,database/evidence/auth_identity_20261001_020624_247_753db2/compatible_before.log
UPSERT,database/evidence/auth_identity_20261001_020624_247_753db2/compatible_catalog.log
UPSERT,database/evidence/auth_identity_20261001_020624_247_753db2/compatible_repeat_after.log
UPSERT,database/evidence/auth_identity_20261001_020624_247_753db2/compatible_repeat_apply.log
UPSERT,database/evidence/auth_identity_20261001_020624_247_753db2/compatible_repeat_before.log
UPSERT,database/evidence/auth_identity_20261001_020624_247_753db2/concurrent_counts.log
UPSERT,database/evidence/auth_identity_20261001_020624_247_753db2/concurrent_email.log
UPSERT,database/evidence/auth_identity_20261001_020624_247_753db2/concurrent_username.log
UPSERT,database/evidence/auth_identity_20261001_020624_247_753db2/create_authorphan.log
UPSERT,database/evidence/auth_identity_20261001_020624_247_753db2/create_bad.log
UPSERT,database/evidence/auth_identity_20261001_020624_247_753db2/create_clean.log
UPSERT,database/evidence/auth_identity_20261001_020624_247_753db2/create_compatible.log
UPSERT,database/evidence/auth_identity_20261001_020624_247_753db2/create_diagnostic.log
UPSERT,database/evidence/auth_identity_20261001_020624_247_753db2/create_invalid.log
UPSERT,database/evidence/auth_identity_20261001_020624_247_753db2/create_orphan.log
UPSERT,database/evidence/auth_identity_20261001_020624_247_753db2/create_partial.log
UPSERT,database/evidence/auth_identity_20261001_020624_247_753db2/create_upgrade.log
UPSERT,database/evidence/auth_identity_20261001_020624_247_753db2/databases.txt
UPSERT,database/evidence/auth_identity_20261001_020624_247_753db2/deposit_integrity_test.adapted.sql
UPSERT,database/evidence/auth_identity_20261001_020624_247_753db2/diagnostic_fixture.log
UPSERT,database/evidence/auth_identity_20261001_020624_247_753db2/diagnostic_preflight_readonly.log
UPSERT,database/evidence/auth_identity_20261001_020624_247_753db2/incompatible_types_fixture.log
UPSERT,database/evidence/auth_identity_20261001_020624_247_753db2/incompatible_types_preflight.log
UPSERT,database/evidence/auth_identity_20261001_020624_247_753db2/invalid_after.log
UPSERT,database/evidence/auth_identity_20261001_020624_247_753db2/invalid_before.log
UPSERT,database/evidence/auth_identity_20261001_020624_247_753db2/invalid_candidate_reject.log
UPSERT,database/evidence/auth_identity_20261001_020624_247_753db2/invalid_otp_fixture.log
UPSERT,database/evidence/auth_identity_20261001_020624_247_753db2/orphan_fixture.log
UPSERT,database/evidence/auth_identity_20261001_020624_247_753db2/orphan_preflight.log
UPSERT,database/evidence/auth_identity_20261001_020624_247_753db2/orphan_preserved.log
UPSERT,database/evidence/auth_identity_20261001_020624_247_753db2/orphan_reject.log
UPSERT,database/evidence/auth_identity_20261001_020624_247_753db2/partial_catalog.log
UPSERT,database/evidence/auth_identity_20261001_020624_247_753db2/partial_fixture_adjust.log
UPSERT,database/evidence/auth_identity_20261001_020624_247_753db2/partial_preserved.log
UPSERT,database/evidence/auth_identity_20261001_020624_247_753db2/preflight_absent.log
UPSERT,database/evidence/auth_identity_20261001_020624_247_753db2/preflight_after.log
UPSERT,database/evidence/auth_identity_20261001_020624_247_753db2/regression_appointment_ledger_integrity_test.log
UPSERT,database/evidence/auth_identity_20261001_020624_247_753db2/regression_deposit_integrity_test.log
UPSERT,database/evidence/auth_identity_20261001_020624_247_753db2/result.txt
UPSERT,database/evidence/auth_identity_20261001_020624_247_753db2/seed_collision_reject.log
UPSERT,database/evidence/auth_identity_20261001_020624_247_753db2/showroom_seed1.log
UPSERT,database/evidence/auth_identity_20261001_020624_247_753db2/showroom_seed2.log
UPSERT,database/evidence/auth_identity_20261001_020624_247_753db2/tv3_auth_20261001_020624_247_753db2_authorphan_fixture.log
UPSERT,database/evidence/auth_identity_20261001_020624_247_753db2/tv3_auth_20261001_020624_247_753db2_compatible_fixture.log
UPSERT,database/evidence/auth_identity_20261001_020624_247_753db2/tv3_auth_20261001_020624_247_753db2_invalid_fixture.log
UPSERT,database/evidence/auth_identity_20261001_020624_247_753db2/tv3_auth_20261001_020624_247_753db2_partial_fixture.log
UPSERT,database/evidence/auth_identity_20261001_020624_247_753db2/upgrade_auth_catalog.log
UPSERT,database/evidence/auth_identity_20261001_020624_247_753db2/upgrade_auth_tests.log
UPSERT,database/evidence/auth_identity_20261001_020624_247_753db2/upgrade_seed_repeat.log
UPSERT,database/evidence/auth_identity_20261001_020624_247_753db2/upgrade_temp_records.log
UPSERT,database/evidence/auth_identity_20261001_020624_247_753db2/V3_0_0__showroom_deposit_appointment.sql.log
UPSERT,database/evidence/auth_identity_20261001_020624_247_753db2/V3_0_1__archive_inventory_boundary.sql.log
UPSERT,database/evidence/auth_identity_20261001_020624_247_753db2/V3_0_2__deposit_integrity.sql.log
UPSERT,database/evidence/auth_identity_20261001_020624_247_753db2/V3_0_3__appointment_ledger_integrity.sql.log
UPSERT,database/evidence/auth_identity_20261001_021512_056_602319/01_schema.log
UPSERT,database/evidence/auth_identity_20261001_021512_056_602319/02_smoke.log
UPSERT,database/evidence/auth_identity_20261001_021512_056_602319/appointment_ledger_integrity_test.adapted.sql
UPSERT,database/evidence/auth_identity_20261001_021512_056_602319/auth_orphan_after.log
UPSERT,database/evidence/auth_identity_20261001_021512_056_602319/auth_orphan_before.log
UPSERT,database/evidence/auth_identity_20261001_021512_056_602319/auth_orphan_fixture.log
UPSERT,database/evidence/auth_identity_20261001_021512_056_602319/auth_orphan_reject.log
UPSERT,database/evidence/auth_identity_20261001_021512_056_602319/bad_fixture.log
UPSERT,database/evidence/auth_identity_20261001_021512_056_602319/bad_preflight.log
UPSERT,database/evidence/auth_identity_20261001_021512_056_602319/bad_preserved.log
UPSERT,database/evidence/auth_identity_20261001_021512_056_602319/bad_reject.log
UPSERT,database/evidence/auth_identity_20261001_021512_056_602319/bcrypt.log
UPSERT,database/evidence/auth_identity_20261001_021512_056_602319/candidate_clean.log
UPSERT,database/evidence/auth_identity_20261001_021512_056_602319/candidate_compatible.log
UPSERT,database/evidence/auth_identity_20261001_021512_056_602319/candidate_partial.log
UPSERT,database/evidence/auth_identity_20261001_021512_056_602319/candidate_upgrade.log
UPSERT,database/evidence/auth_identity_20261001_021512_056_602319/catalog_after_auth.log
UPSERT,database/evidence/auth_identity_20261001_021512_056_602319/catalog_before_auth.log
UPSERT,database/evidence/auth_identity_20261001_021512_056_602319/clean_auth_catalog.log
UPSERT,database/evidence/auth_identity_20261001_021512_056_602319/clean_auth_tests.log
UPSERT,database/evidence/auth_identity_20261001_021512_056_602319/clean_seed_repeat.log
UPSERT,database/evidence/auth_identity_20261001_021512_056_602319/clean_temp_records.log
UPSERT,database/evidence/auth_identity_20261001_021512_056_602319/collision_fixture.log
UPSERT,database/evidence/auth_identity_20261001_021512_056_602319/collision_preserved.log
UPSERT,database/evidence/auth_identity_20261001_021512_056_602319/compatible_after.log
UPSERT,database/evidence/auth_identity_20261001_021512_056_602319/compatible_before.log
UPSERT,database/evidence/auth_identity_20261001_021512_056_602319/compatible_catalog.log
UPSERT,database/evidence/auth_identity_20261001_021512_056_602319/compatible_repeat_after.log
UPSERT,database/evidence/auth_identity_20261001_021512_056_602319/compatible_repeat_apply.log
UPSERT,database/evidence/auth_identity_20261001_021512_056_602319/compatible_repeat_before.log
UPSERT,database/evidence/auth_identity_20261001_021512_056_602319/concurrent_counts.log
UPSERT,database/evidence/auth_identity_20261001_021512_056_602319/concurrent_email.log
UPSERT,database/evidence/auth_identity_20261001_021512_056_602319/concurrent_username.log
UPSERT,database/evidence/auth_identity_20261001_021512_056_602319/create_authorphan.log
UPSERT,database/evidence/auth_identity_20261001_021512_056_602319/create_bad.log
UPSERT,database/evidence/auth_identity_20261001_021512_056_602319/create_clean.log
UPSERT,database/evidence/auth_identity_20261001_021512_056_602319/create_compatible.log
UPSERT,database/evidence/auth_identity_20261001_021512_056_602319/create_diagnostic.log
UPSERT,database/evidence/auth_identity_20261001_021512_056_602319/create_index_conflict.log
UPSERT,database/evidence/auth_identity_20261001_021512_056_602319/create_invalid.log
UPSERT,database/evidence/auth_identity_20261001_021512_056_602319/create_orphan.log
UPSERT,database/evidence/auth_identity_20261001_021512_056_602319/create_partial.log
UPSERT,database/evidence/auth_identity_20261001_021512_056_602319/create_reset_duplicate.log
UPSERT,database/evidence/auth_identity_20261001_021512_056_602319/create_upgrade.log
UPSERT,database/evidence/auth_identity_20261001_021512_056_602319/databases.txt
UPSERT,database/evidence/auth_identity_20261001_021512_056_602319/deposit_integrity_test.adapted.sql
UPSERT,database/evidence/auth_identity_20261001_021512_056_602319/diagnostic_fixture.log
UPSERT,database/evidence/auth_identity_20261001_021512_056_602319/diagnostic_preflight_readonly.log
UPSERT,database/evidence/auth_identity_20261001_021512_056_602319/incompatible_types_fixture.log
UPSERT,database/evidence/auth_identity_20261001_021512_056_602319/incompatible_types_preflight.log
UPSERT,database/evidence/auth_identity_20261001_021512_056_602319/index_conflict_after.log
UPSERT,database/evidence/auth_identity_20261001_021512_056_602319/index_conflict_before.log
UPSERT,database/evidence/auth_identity_20261001_021512_056_602319/index_conflict_fixture.log
UPSERT,database/evidence/auth_identity_20261001_021512_056_602319/index_conflict_reject.log
UPSERT,database/evidence/auth_identity_20261001_021512_056_602319/invalid_after.log
UPSERT,database/evidence/auth_identity_20261001_021512_056_602319/invalid_before.log
UPSERT,database/evidence/auth_identity_20261001_021512_056_602319/invalid_candidate_reject.log
UPSERT,database/evidence/auth_identity_20261001_021512_056_602319/invalid_otp_fixture.log
UPSERT,database/evidence/auth_identity_20261001_021512_056_602319/orphan_fixture.log
UPSERT,database/evidence/auth_identity_20261001_021512_056_602319/orphan_preflight.log
UPSERT,database/evidence/auth_identity_20261001_021512_056_602319/orphan_preserved.log
UPSERT,database/evidence/auth_identity_20261001_021512_056_602319/orphan_reject.log
UPSERT,database/evidence/auth_identity_20261001_021512_056_602319/partial_catalog.log
UPSERT,database/evidence/auth_identity_20261001_021512_056_602319/partial_fixture_adjust.log
UPSERT,database/evidence/auth_identity_20261001_021512_056_602319/partial_preserved.log
UPSERT,database/evidence/auth_identity_20261001_021512_056_602319/preflight_absent.log
UPSERT,database/evidence/auth_identity_20261001_021512_056_602319/preflight_after.log
UPSERT,database/evidence/auth_identity_20261001_021512_056_602319/regression_appointment_ledger_integrity_test.log
UPSERT,database/evidence/auth_identity_20261001_021512_056_602319/regression_deposit_integrity_test.log
UPSERT,database/evidence/auth_identity_20261001_021512_056_602319/reset_duplicate_after.log
UPSERT,database/evidence/auth_identity_20261001_021512_056_602319/reset_duplicate_before.log
UPSERT,database/evidence/auth_identity_20261001_021512_056_602319/reset_duplicate_fixture.log
UPSERT,database/evidence/auth_identity_20261001_021512_056_602319/reset_duplicate_reject.log
UPSERT,database/evidence/auth_identity_20261001_021512_056_602319/result.txt
UPSERT,database/evidence/auth_identity_20261001_021512_056_602319/seed_collision_reject.log
UPSERT,database/evidence/auth_identity_20261001_021512_056_602319/showroom_seed1.log
UPSERT,database/evidence/auth_identity_20261001_021512_056_602319/showroom_seed2.log
UPSERT,database/evidence/auth_identity_20261001_021512_056_602319/tv3_auth_20261001_021512_056_602319_authorphan_fixture.log
UPSERT,database/evidence/auth_identity_20261001_021512_056_602319/tv3_auth_20261001_021512_056_602319_compatible_fixture.log
UPSERT,database/evidence/auth_identity_20261001_021512_056_602319/tv3_auth_20261001_021512_056_602319_invalid_fixture.log
UPSERT,database/evidence/auth_identity_20261001_021512_056_602319/tv3_auth_20261001_021512_056_602319_partial_fixture.log
UPSERT,database/evidence/auth_identity_20261001_021512_056_602319/upgrade_auth_catalog.log
UPSERT,database/evidence/auth_identity_20261001_021512_056_602319/upgrade_auth_tests.log
UPSERT,database/evidence/auth_identity_20261001_021512_056_602319/upgrade_seed_repeat.log
UPSERT,database/evidence/auth_identity_20261001_021512_056_602319/upgrade_temp_records.log
UPSERT,database/evidence/auth_identity_20261001_021512_056_602319/V3_0_0__showroom_deposit_appointment.sql.log
UPSERT,database/evidence/auth_identity_20261001_021512_056_602319/V3_0_1__archive_inventory_boundary.sql.log
UPSERT,database/evidence/auth_identity_20261001_021512_056_602319/V3_0_2__deposit_integrity.sql.log
UPSERT,database/evidence/auth_identity_20261001_021512_056_602319/V3_0_3__appointment_ledger_integrity.sql.log
UPSERT,database/evidence/auth_identity_20261001_021959_852_18b81c/01_schema.log
UPSERT,database/evidence/auth_identity_20261001_021959_852_18b81c/02_smoke.log
UPSERT,database/evidence/auth_identity_20261001_021959_852_18b81c/appointment_ledger_integrity_test.adapted.sql
UPSERT,database/evidence/auth_identity_20261001_021959_852_18b81c/auth_orphan_after.log
UPSERT,database/evidence/auth_identity_20261001_021959_852_18b81c/auth_orphan_before.log
UPSERT,database/evidence/auth_identity_20261001_021959_852_18b81c/auth_orphan_fixture.log
UPSERT,database/evidence/auth_identity_20261001_021959_852_18b81c/auth_orphan_reject.log
UPSERT,database/evidence/auth_identity_20261001_021959_852_18b81c/bad_fixture.log
UPSERT,database/evidence/auth_identity_20261001_021959_852_18b81c/bad_preflight.log
UPSERT,database/evidence/auth_identity_20261001_021959_852_18b81c/bad_preserved.log
UPSERT,database/evidence/auth_identity_20261001_021959_852_18b81c/bad_reject.log
UPSERT,database/evidence/auth_identity_20261001_021959_852_18b81c/bcrypt.log
UPSERT,database/evidence/auth_identity_20261001_021959_852_18b81c/candidate_clean.log
UPSERT,database/evidence/auth_identity_20261001_021959_852_18b81c/candidate_compatible.log
UPSERT,database/evidence/auth_identity_20261001_021959_852_18b81c/candidate_partial.log
UPSERT,database/evidence/auth_identity_20261001_021959_852_18b81c/candidate_upgrade.log
UPSERT,database/evidence/auth_identity_20261001_021959_852_18b81c/catalog_after_auth.log
UPSERT,database/evidence/auth_identity_20261001_021959_852_18b81c/catalog_before_auth.log
UPSERT,database/evidence/auth_identity_20261001_021959_852_18b81c/clean_auth_catalog.log
UPSERT,database/evidence/auth_identity_20261001_021959_852_18b81c/clean_auth_tests.log
UPSERT,database/evidence/auth_identity_20261001_021959_852_18b81c/clean_seed_repeat.log
UPSERT,database/evidence/auth_identity_20261001_021959_852_18b81c/clean_temp_records.log
UPSERT,database/evidence/auth_identity_20261001_021959_852_18b81c/collision_fixture.log
UPSERT,database/evidence/auth_identity_20261001_021959_852_18b81c/collision_preserved.log
UPSERT,database/evidence/auth_identity_20261001_021959_852_18b81c/compatible_after.log
UPSERT,database/evidence/auth_identity_20261001_021959_852_18b81c/compatible_before.log
UPSERT,database/evidence/auth_identity_20261001_021959_852_18b81c/compatible_catalog.log
UPSERT,database/evidence/auth_identity_20261001_021959_852_18b81c/compatible_repeat_after.log
UPSERT,database/evidence/auth_identity_20261001_021959_852_18b81c/compatible_repeat_apply.log
UPSERT,database/evidence/auth_identity_20261001_021959_852_18b81c/compatible_repeat_before.log
UPSERT,database/evidence/auth_identity_20261001_021959_852_18b81c/concurrent_counts.log
UPSERT,database/evidence/auth_identity_20261001_021959_852_18b81c/concurrent_email.log
UPSERT,database/evidence/auth_identity_20261001_021959_852_18b81c/concurrent_username.log
UPSERT,database/evidence/auth_identity_20261001_021959_852_18b81c/create_authorphan.log
UPSERT,database/evidence/auth_identity_20261001_021959_852_18b81c/create_bad.log
UPSERT,database/evidence/auth_identity_20261001_021959_852_18b81c/create_clean.log
UPSERT,database/evidence/auth_identity_20261001_021959_852_18b81c/create_compatible.log
UPSERT,database/evidence/auth_identity_20261001_021959_852_18b81c/create_diagnostic.log
UPSERT,database/evidence/auth_identity_20261001_021959_852_18b81c/create_index_conflict.log
UPSERT,database/evidence/auth_identity_20261001_021959_852_18b81c/create_invalid.log
UPSERT,database/evidence/auth_identity_20261001_021959_852_18b81c/create_orphan.log
UPSERT,database/evidence/auth_identity_20261001_021959_852_18b81c/create_partial_orphan.log
UPSERT,database/evidence/auth_identity_20261001_021959_852_18b81c/create_partial.log
UPSERT,database/evidence/auth_identity_20261001_021959_852_18b81c/create_reset_duplicate.log
UPSERT,database/evidence/auth_identity_20261001_021959_852_18b81c/create_upgrade.log
UPSERT,database/evidence/auth_identity_20261001_021959_852_18b81c/databases.txt
UPSERT,database/evidence/auth_identity_20261001_021959_852_18b81c/deleted_task_files.txt
UPSERT,database/evidence/auth_identity_20261001_021959_852_18b81c/deposit_integrity_test.adapted.sql
UPSERT,database/evidence/auth_identity_20261001_021959_852_18b81c/diagnostic_fixture.log
UPSERT,database/evidence/auth_identity_20261001_021959_852_18b81c/diagnostic_preflight_readonly.log
UPSERT,database/evidence/auth_identity_20261001_021959_852_18b81c/final_review.log
UPSERT,database/evidence/auth_identity_20261001_021959_852_18b81c/incompatible_types_fixture.log
UPSERT,database/evidence/auth_identity_20261001_021959_852_18b81c/incompatible_types_preflight.log
UPSERT,database/evidence/auth_identity_20261001_021959_852_18b81c/index_conflict_after.log
UPSERT,database/evidence/auth_identity_20261001_021959_852_18b81c/index_conflict_before.log
UPSERT,database/evidence/auth_identity_20261001_021959_852_18b81c/index_conflict_fixture.log
UPSERT,database/evidence/auth_identity_20261001_021959_852_18b81c/index_conflict_reject.log
UPSERT,database/evidence/auth_identity_20261001_021959_852_18b81c/invalid_after.log
UPSERT,database/evidence/auth_identity_20261001_021959_852_18b81c/invalid_before.log
UPSERT,database/evidence/auth_identity_20261001_021959_852_18b81c/invalid_candidate_reject.log
UPSERT,database/evidence/auth_identity_20261001_021959_852_18b81c/invalid_otp_fixture.log
UPSERT,database/evidence/auth_identity_20261001_021959_852_18b81c/orphan_fixture.log
UPSERT,database/evidence/auth_identity_20261001_021959_852_18b81c/orphan_preflight.log
UPSERT,database/evidence/auth_identity_20261001_021959_852_18b81c/orphan_preserved.log
UPSERT,database/evidence/auth_identity_20261001_021959_852_18b81c/orphan_reject.log
UPSERT,database/evidence/auth_identity_20261001_021959_852_18b81c/partial_catalog.log
UPSERT,database/evidence/auth_identity_20261001_021959_852_18b81c/partial_fixture_adjust.log
UPSERT,database/evidence/auth_identity_20261001_021959_852_18b81c/partial_orphan_after.log
UPSERT,database/evidence/auth_identity_20261001_021959_852_18b81c/partial_orphan_before.log
UPSERT,database/evidence/auth_identity_20261001_021959_852_18b81c/partial_orphan_fixture.log
UPSERT,database/evidence/auth_identity_20261001_021959_852_18b81c/partial_orphan_reject.log
UPSERT,database/evidence/auth_identity_20261001_021959_852_18b81c/partial_preserved.log
UPSERT,database/evidence/auth_identity_20261001_021959_852_18b81c/preflight_absent.log
UPSERT,database/evidence/auth_identity_20261001_021959_852_18b81c/preflight_after.log
UPSERT,database/evidence/auth_identity_20261001_021959_852_18b81c/regression_appointment_ledger_integrity_test.log
UPSERT,database/evidence/auth_identity_20261001_021959_852_18b81c/regression_deposit_integrity_test.log
UPSERT,database/evidence/auth_identity_20261001_021959_852_18b81c/reset_duplicate_after.log
UPSERT,database/evidence/auth_identity_20261001_021959_852_18b81c/reset_duplicate_before.log
UPSERT,database/evidence/auth_identity_20261001_021959_852_18b81c/reset_duplicate_fixture.log
UPSERT,database/evidence/auth_identity_20261001_021959_852_18b81c/reset_duplicate_reject.log
UPSERT,database/evidence/auth_identity_20261001_021959_852_18b81c/result.txt
UPSERT,database/evidence/auth_identity_20261001_021959_852_18b81c/seed_collision_reject.log
UPSERT,database/evidence/auth_identity_20261001_021959_852_18b81c/showroom_seed1.log
UPSERT,database/evidence/auth_identity_20261001_021959_852_18b81c/showroom_seed2.log
UPSERT,database/evidence/auth_identity_20261001_021959_852_18b81c/source_inspection.txt
UPSERT,database/evidence/auth_identity_20261001_021959_852_18b81c/task_files.txt
UPSERT,database/evidence/auth_identity_20261001_021959_852_18b81c/task_manifest.csv
UPSERT,database/evidence/auth_identity_20261001_021959_852_18b81c/tv3_auth_20261001_021959_852_18b81c_authorphan_fixture.log
UPSERT,database/evidence/auth_identity_20261001_021959_852_18b81c/tv3_auth_20261001_021959_852_18b81c_compatible_fixture.log
UPSERT,database/evidence/auth_identity_20261001_021959_852_18b81c/tv3_auth_20261001_021959_852_18b81c_invalid_fixture.log
UPSERT,database/evidence/auth_identity_20261001_021959_852_18b81c/tv3_auth_20261001_021959_852_18b81c_partial_fixture.log
UPSERT,database/evidence/auth_identity_20261001_021959_852_18b81c/upgrade_auth_catalog.log
UPSERT,database/evidence/auth_identity_20261001_021959_852_18b81c/upgrade_auth_tests.log
UPSERT,database/evidence/auth_identity_20261001_021959_852_18b81c/upgrade_seed_repeat.log
UPSERT,database/evidence/auth_identity_20261001_021959_852_18b81c/upgrade_temp_records.log
UPSERT,database/evidence/auth_identity_20261001_021959_852_18b81c/V3_0_0__showroom_deposit_appointment.sql.log
UPSERT,database/evidence/auth_identity_20261001_021959_852_18b81c/V3_0_1__archive_inventory_boundary.sql.log
UPSERT,database/evidence/auth_identity_20261001_021959_852_18b81c/V3_0_2__deposit_integrity.sql.log
UPSERT,database/evidence/auth_identity_20261001_021959_852_18b81c/V3_0_3__appointment_ledger_integrity.sql.log
UPSERT,database/evidence/auth_identity_complete_20261001_012052/baseline_sha256.txt
UPSERT,database/guides/Auth_Identity_Integration.md
UPSERT,database/guides/TV4_Auth_Physical_Contract_Pending.md
UPSERT,database/schema/README.md
UPSERT,database/tests/auth_catalog_test.sql
UPSERT,database/tests/auth_compatible_fixture.sql
UPSERT,database/tests/auth_contract_columns.sql
UPSERT,database/tests/auth_contract_integrity.sql
UPSERT,database/tests/auth_identity_preflight.sql
UPSERT,database/tests/auth_identity_test.sql
UPSERT,database/tests/auth_rows_snapshot.sql
UPSERT,database/tests/auth_snapshot.sql
UPSERT,database/tests/auth_temporary_records_test.sql
UPSERT,database/tests/run_auth_identity_verification.ps1
UPSERT,docs/Database/Data_Dictionary.md
UPSERT,docs/Database/ERD/ERD.md
UPSERT,docs/Members/mission/TV3_Handoff_Auth_Database.md
UPSERT,docs/Members/report/TV3_Baocaotiendo.md
DELETE,database/drafts/V3_0_4__auth_identity_and_user_integrity.sql
